GSE,GSM
GSE40045,GSM984201
GSE40045,GSM984202
GSE40043,GSM984194
GSE40043,GSM984195
GSE40042,GSM984192
GSE40042,GSM984193
GSE40040,GSM984166
GSE40040,GSM984167
GSE40039,GSM984165
GSE40039,GSM984164
GSE40038,GSM984162
GSE40038,GSM984163
GSE40036,GSM984105
GSE40036,GSM984106
GSE40034,GSM984064
GSE40034,GSM984063
GSE40016,GSM983643
GSE40016,GSM983644
GSE40015,GSM983641
GSE40015,GSM983642
GSE37756,GSM927186
GSE37756,GSM927223
GSE37756,GSM927206
GSE37756,GSM927226
GSE37756,GSM927180
GSE37756,GSM927200
GSE37756,GSM927183
GSE37756,GSM927203
GSE37756,GSM927232
GSE37756,GSM927215
GSE37756,GSM927169
GSE37756,GSM927189
GSE37756,GSM927172
GSE37756,GSM927209
GSE37756,GSM927192
GSE37756,GSM927229
GSE37756,GSM927212
GSE37756,GSM927166
GSE37756,GSM927195
GSE37756,GSM927178
GSE37756,GSM927181
GSE37756,GSM927198
GSE37756,GSM927218
GSE37756,GSM927201
GSE37756,GSM927175
GSE37756,GSM927204
GSE37756,GSM927221
GSE37756,GSM927167
GSE37756,GSM927207
GSE37756,GSM927224
GSE37756,GSM927187
GSE37756,GSM927227
GSE37756,GSM927213
GSE37756,GSM927230
GSE37756,GSM927233
GSE37756,GSM927184
GSE37756,GSM927196
GSE37756,GSM927170
GSE37756,GSM927210
GSE37756,GSM927216
GSE37756,GSM927173
GSE37756,GSM927190
GSE37756,GSM927193
GSE37756,GSM927176
GSE37756,GSM927225
GSE37756,GSM927179
GSE37756,GSM927199
GSE37756,GSM927182
GSE37756,GSM927168
GSE37756,GSM927202
GSE37756,GSM927219
GSE37756,GSM927188
GSE37756,GSM927205
GSE37756,GSM927191
GSE37756,GSM927165
GSE37756,GSM927208
GSE37756,GSM927228
GSE37756,GSM927197
GSE37756,GSM927211
GSE37756,GSM927231
GSE37756,GSM927222
GSE37756,GSM927185
GSE37756,GSM927214
GSE37756,GSM927220
GSE37756,GSM927234
GSE37756,GSM927194
GSE37756,GSM927217
GSE37756,GSM927177
GSE37756,GSM927171
GSE37756,GSM927174
GSE37440,GSM919268
GSE37440,GSM919269
GSE37439,GSM919267
GSE37439,GSM919266
GSE37438,GSM919264
GSE37438,GSM919265
GSE37437,GSM919263
GSE37436,GSM919262
GSE37435,GSM919260
GSE37435,GSM919261
GSE37434,GSM919259
GSE37300,GSM915697
GSE37300,GSM915695
GSE37299,GSM915696
GSE37297,GSM915694
GSE37293,GSM915681
GSE37292,GSM915680
GSE37291,GSM915679
GSE37291,GSM915693
GSE25570,GSM628271
GSE25570,GSM628272
GSE25392,GSM624897
GSE25392,GSM624896
GSE25392,GSM624895
GSE25390,GSM624891
GSE25390,GSM624892
GSE25387,GSM624885
GSE25387,GSM624886
GSE25348,GSM624357
GSE25348,GSM624354
GSE25348,GSM624346
GSE25348,GSM624359
GSE25348,GSM624351
GSE25348,GSM624348
GSE25348,GSM624345
GSE25348,GSM624347
GSE25348,GSM624356
GSE25348,GSM624350
GSE25348,GSM624353
GSE25348,GSM624352
GSE25348,GSM624349
GSE25348,GSM624358
GSE25348,GSM624355
GSE25347,GSM624330
GSE25347,GSM624333
GSE25347,GSM624339
GSE25347,GSM624336
GSE25347,GSM624338
GSE25347,GSM624332
GSE25347,GSM624335
GSE25347,GSM624341
GSE25347,GSM624344
GSE25347,GSM624340
GSE25347,GSM624343
GSE25347,GSM624337
GSE25347,GSM624342
GSE25347,GSM624334
GSE25347,GSM624331
GSE24608,GSM609251
GSE24607,GSM980237
GSE24607,GSM609250
GSE24605,GSM980236
GSE24605,GSM609248
GSE24604,GSM609247
GSE24545,GSM609246
GSE24544,GSM609245
GSE24543,GSM609243
GSE24543,GSM609244
GSE24542,GSM609242
GSE24542,GSM609241
GSE24541,GSM609240
GSE24540,GSM609239
GSE24539,GSM609238
GSE24317,GSM609237
GSE24316,GSM609236
GSE24315,GSM609235
GSE24314,GSM984060
GSE24314,GSM609234
GSE24314,GSM984061
GSE24313,GSM609233
GSE24312,GSM609232
GSE24311,GSM609231
GSE24310,GSM609230
GSE24309,GSM609229
GSE24308,GSM609228
GSE24308,GSM980235
GSE24307,GSM609227
GSE24307,GSM609226
GSE24306,GSM980234
GSE24306,GSM609225
GSE24305,GSM609224
GSE24304,GSM609223
GSE24303,GSM609222
GSE24303,GSM980233
GSE24302,GSM609221
GSE24302,GSM980238
GSE24301,GSM609249
GSE24301,GSM609220
GSE24300,GSM609219
GSE24300,GSM930140
GSE24299,GSM609218
GSE24299,GSM980232
GSE24298,GSM609217
GSE23235,GSM571138
GSE23235,GSM571137
GSE23235,GSM571139
GSE23234,GSM571134
GSE23234,GSM571136
GSE23234,GSM571135
GSE23233,GSM571133
GSE23233,GSM571132
GSE23232,GSM571131
GSE23232,GSM571130
GSE23231,GSM571128
GSE23231,GSM571129
GSE23230,GSM571127
GSE23230,GSM571126
GSE23229,GSM571123
GSE23229,GSM571125
GSE23229,GSM571124
GSE23228,GSM571121
GSE23228,GSM571120
GSE23228,GSM571122
GSE23227,GSM571117
GSE23227,GSM571118
GSE23227,GSM571119
GSE23226,GSM571116
GSE23226,GSM571115
GSE23226,GSM571114
GSE23225,GSM571112
GSE23225,GSM571111
GSE23225,GSM571113
GSE23224,GSM571108
GSE23224,GSM571110
GSE23224,GSM571109
GSE23223,GSM571107
GSE23223,GSM571106
GSE23223,GSM571105
GSE23222,GSM571103
GSE23222,GSM571102
GSE23222,GSM571104
GSE23221,GSM571099
GSE23221,GSM571101
GSE23221,GSM571100
GSE23220,GSM571097
GSE23220,GSM571096
GSE23220,GSM571098
GSE23219,GSM571093
GSE23219,GSM571095
GSE23219,GSM571094
GSE20348,GSM509821
GSE20348,GSM515636
GSE20348,GSM509822
GSE20348,GSM515637
GSE18508,GSM627351
GSE18508,GSM627388
GSE18508,GSM461197
GSE18508,GSM627368
GSE18508,GSM461177
GSE18508,GSM627414
GSE18508,GSM627348
GSE18508,GSM627394
GSE18508,GSM461180
GSE18508,GSM627374
GSE18508,GSM627411
GSE18508,GSM461200
GSE18508,GSM461194
GSE18508,GSM627371
GSE18508,GSM627408
GSE18508,GSM627391
GSE18508,GSM627342
GSE18508,GSM461188
GSE18508,GSM627405
GSE18508,GSM627359
GSE18508,GSM627339
GSE18508,GSM627385
GSE18508,GSM461208
GSE18508,GSM627345
GSE18508,GSM461191
GSE18508,GSM627402
GSE18508,GSM627382
GSE18508,GSM627365
GSE18508,GSM627362
GSE18508,GSM627406
GSE18508,GSM627386
GSE18508,GSM627403
GSE18508,GSM627366
GSE18508,GSM461189
GSE18508,GSM461192
GSE18508,GSM627383
GSE18508,GSM627346
GSE18508,GSM627363
GSE18508,GSM627409
GSE18508,GSM461195
GSE18508,GSM627389
GSE18508,GSM627343
GSE18508,GSM627360
GSE18508,GSM627377
GSE18508,GSM627397
GSE18508,GSM461206
GSE18508,GSM461186
GSE18508,GSM627340
GSE18508,GSM627357
GSE18508,GSM627400
GSE18508,GSM627337
GSE18508,GSM461183
GSE18508,GSM461209
GSE18508,GSM627354
GSE18508,GSM627334
GSE18508,GSM627417
GSE18508,GSM627380
GSE18508,GSM627358
GSE18508,GSM461203
GSE18508,GSM627341
GSE18508,GSM461207
GSE18508,GSM461187
GSE18508,GSM627378
GSE18508,GSM627384
GSE18508,GSM627338
GSE18508,GSM627404
GSE18508,GSM461210
GSE18508,GSM461190
GSE18508,GSM627361
GSE18508,GSM627401
GSE18508,GSM461178
GSE18508,GSM627398
GSE18508,GSM627381
GSE18508,GSM461181
GSE18508,GSM461184
GSE18508,GSM627369
GSE18508,GSM627415
GSE18508,GSM461201
GSE18508,GSM627355
GSE18508,GSM627395
GSE18508,GSM627349
GSE18508,GSM627412
GSE18508,GSM461204
GSE18508,GSM461198
GSE18508,GSM627375
GSE18508,GSM627392
GSE18508,GSM627418
GSE18508,GSM627335
GSE18508,GSM627393
GSE18508,GSM627396
GSE18508,GSM461199
GSE18508,GSM461205
GSE18508,GSM627376
GSE18508,GSM461179
GSE18508,GSM627416
GSE18508,GSM627387
GSE18508,GSM627373
GSE18508,GSM627353
GSE18508,GSM627413
GSE18508,GSM461182
GSE18508,GSM461185
GSE18508,GSM627372
GSE18508,GSM627352
GSE18508,GSM461202
GSE18508,GSM627399
GSE18508,GSM627379
GSE18508,GSM627350
GSE18508,GSM461196
GSE18508,GSM627390
GSE18508,GSM627367
GSE18508,GSM627356
GSE18508,GSM627347
GSE18508,GSM627364
GSE18508,GSM627336
GSE18508,GSM461176
GSE18508,GSM627344
GSE18508,GSM461193
GSE18508,GSM627333
GSE18508,GSM627370
GSE18508,GSM627410
GSE18508,GSM627407
GSE18068,GSM451813
GSE18068,GSM451810
GSE18068,GSM451804
GSE18068,GSM451807
GSE18068,GSM451811
GSE18068,GSM451805
GSE18068,GSM451808
GSE18068,GSM451803
GSE18068,GSM451806
GSE18068,GSM453867
GSE18068,GSM451812
GSE18068,GSM451809
GSE17621,GSM439966
GSE17107,GSM427872
GSE17107,GSM427869
GSE17107,GSM427870
GSE17107,GSM427871
GSE17107,GSM427868
GSE16330,GSM409649
GSE16330,GSM409651
GSE16330,GSM409650
GSE16329,GSM409648
GSE16329,GSM409646
GSE16329,GSM409647
GSE16328,GSM409644
GSE16328,GSM409645
GSE16328,GSM409643
GSE16327,GSM409642
GSE16327,GSM409640
GSE16327,GSM409641
GSE16326,GSM409638
GSE16326,GSM409639
GSE16326,GSM409637
GSE16325,GSM409634
GSE16325,GSM409635
GSE16325,GSM409636
GSE16324,GSM409633
GSE16324,GSM409631
GSE16324,GSM409632
GSE16323,GSM409629
GSE16323,GSM409630
GSE16323,GSM409628
GSE16322,GSM409625
GSE16322,GSM409626
GSE16322,GSM409627
GSE16321,GSM409624
GSE16321,GSM409622
GSE16321,GSM409623
GSE16320,GSM409620
GSE16320,GSM409621
GSE16320,GSM409619
GSE16319,GSM409616
GSE16319,GSM409617
GSE16319,GSM409618
GSE16318,GSM409614
GSE16318,GSM409615
GSE16318,GSM409613
GSE16317,GSM409610
GSE16317,GSM409611
GSE16317,GSM409612
GSE16316,GSM409609
GSE16316,GSM409607
GSE16316,GSM409608
GSE16315,GSM409605
GSE16315,GSM409606
GSE16314,GSM409604
GSE16314,GSM409602
GSE16314,GSM409603
GSE16313,GSM409600
GSE16313,GSM409601
GSE16312,GSM409599
GSE16312,GSM409597
GSE16312,GSM409598
GSE16311,GSM409595
GSE16311,GSM409596
GSE16311,GSM409594
GSE16310,GSM409593
GSE16310,GSM409591
GSE16310,GSM409592
GSE16309,GSM409589
GSE16309,GSM409590
GSE16308,GSM409588
GSE16308,GSM409586
GSE16308,GSM409587
GSE16307,GSM409584
GSE16307,GSM409585
GSE16307,GSM409583
GSE16306,GSM409580
GSE16306,GSM409581
GSE16306,GSM409582
GSE16305,GSM409579
GSE16305,GSM409577
GSE16305,GSM409578
GSE16304,GSM409575
GSE16304,GSM409576
GSE16304,GSM409574
GSE16303,GSM409573
GSE16303,GSM409571
GSE16303,GSM409572
GSE16302,GSM409569
GSE16302,GSM409570
GSE16302,GSM409568
GSE16301,GSM409565
GSE16301,GSM409566
GSE16301,GSM409567
GSE16300,GSM409564
GSE16300,GSM409562
GSE16300,GSM409563
GSE16299,GSM409560
GSE16299,GSM409561
GSE16299,GSM409559
GSE16298,GSM409556
GSE16298,GSM409557
GSE16298,GSM409558
GSE16297,GSM409555
GSE16297,GSM409553
GSE16297,GSM409554
GSE16296,GSM409551
GSE16296,GSM409552
GSE16296,GSM409550
GSE16295,GSM409547
GSE16295,GSM409548
GSE16295,GSM409549
GSE16294,GSM409545
GSE16294,GSM409546
GSE16294,GSM409544
GSE16293,GSM409541
GSE16293,GSM409542
GSE16293,GSM409543
GSE16292,GSM409540
GSE16292,GSM409538
GSE16292,GSM409539
GSE16291,GSM409536
GSE16291,GSM409537
GSE16290,GSM409535
GSE16290,GSM409533
GSE16290,GSM409534
GSE16289,GSM409531
GSE16289,GSM409532
GSE16289,GSM409530
GSE16288,GSM409527
GSE16288,GSM409528
GSE16288,GSM409529
GSE16287,GSM409526
GSE16287,GSM409524
GSE16287,GSM409525
GSE16286,GSM409521
GSE16286,GSM409522
GSE16286,GSM409523
GSE16285,GSM409520
GSE16285,GSM409518
GSE16285,GSM409519
GSE16284,GSM409516
GSE16284,GSM409517
GSE16284,GSM409515
GSE16283,GSM409512
GSE16283,GSM409513
GSE16283,GSM409514
GSE16282,GSM409511
GSE16282,GSM409509
GSE16282,GSM409510
GSE16281,GSM409507
GSE16281,GSM409508
GSE16281,GSM409506
GSE16280,GSM409503
GSE16280,GSM409504
GSE16280,GSM409505
GSE16279,GSM409502
GSE16279,GSM409500
GSE16279,GSM409501
GSE16278,GSM409498
GSE16278,GSM409499
GSE16278,GSM409497
GSE16277,GSM409496
GSE16277,GSM409494
GSE16277,GSM409495
GSE16276,GSM409492
GSE16276,GSM409493
GSE16276,GSM409491
GSE16275,GSM409488
GSE16275,GSM409489
GSE16275,GSM409490
GSE16274,GSM409487
GSE16274,GSM409485
GSE16274,GSM409486
GSE16273,GSM409483
GSE16273,GSM409484
GSE16273,GSM409482
GSE16272,GSM409479
GSE16272,GSM409480
GSE16272,GSM409481
GSE16271,GSM409478
GSE16271,GSM409476
GSE16271,GSM409477
GSE16270,GSM409474
GSE16270,GSM409475
GSE16270,GSM409473
GSE16269,GSM409472
GSE16269,GSM409470
GSE16269,GSM409471
GSE15899,GSM982081
GSE15899,GSM399110
GSE15898,GSM399107
GSE15898,GSM399105
GSE15898,GSM399106
GSE15897,GSM399100
GSE15897,GSM399101
GSE15596,GSM390066
GSE15596,GSM390064
GSE15596,GSM390061
GSE15596,GSM390065
GSE15596,GSM390059
GSE15596,GSM390062
GSE15596,GSM390060
GSE15596,GSM390063
GSE15378,GSM385822
GSE15378,GSM385748
GSE15378,GSM385744
GSE15378,GSM385821
GSE14849,GSM371638
GSE14488,GSM361908
GSE13679,GSM343832
GSE13679,GSM343833
GSE13441,GSM339265
GSE13441,GSM339266
GSE13441,GSM339263
GSE13441,GSM339267
GSE13441,GSM339264
GSE12840,GSM360257
GSE12840,GSM322533
GSE12840,GSM360260
GSE12840,GSM322219
GSE12840,GSM322245
GSE12840,GSM360256
GSE12840,GSM364902
GSE12840,GSM322208
GSE12840,GSM322543
GSE12840,GSM322338
GSE12840,GSM360262
GSE10790,GSM240749
