Run	Experiment	Platform	LibraryName	LibraryLayout	Sample	ScientificName	SampleName
SRR488372	SRX173138	ILLUMINA	GSM980234: ML-DmBG3-c2 V130/BS180 (Celniker/RNA:123) rep2 extraction2_seq1 aliquote 1	SINGLE	SRS353027	Drosophila melanogaster	GSM980234
SRR488371	SRX173121	ILLUMINA	GSM980233: ML-DmBG1-c1 V129/BS177 (Celniker/RNA:117) rep2 extraction2_seq1 aliquote 1	SINGLE	SRS353010	Drosophila melanogaster	GSM980233
SRR488369	SRX147725	ILLUMINA	GSM930140: Celniker/RNA:11 extraction1_seq1 aliquote 1	SINGLE	SRS333692	Drosophila melanogaster	GSM930140
SRR546566	SRX176121	ILLUMINA	GSM609249: Lai ML-DmD21 (Celniker/RNA:49, Replicate 1) extraction1_seq1 aliquote 1	SINGLE	SRS355597	Drosophila melanogaster	GSM609249
SRR488698	SRX173210	ILLUMINA	GSM980238: 1182-4H V147/BS22 (Celniker/RNA:37) rep2 extraction2_seq1 aliquote 1	SINGLE	SRS353099	Drosophila melanogaster	GSM980238
SRR488370	SRX172964	ILLUMINA	GSM980232: Sg4 V133/BS34 (Celniker/RNA:199) rep1 extraction1_seq1 aliquote 1	SINGLE	SRS353002	Drosophila melanogaster	GSM980232
SRR488694	SRX173135	ILLUMINA	GSM980236: ML-DmD9 V125/BS101 (Celniker/RNA:71) rep1 extraction1_seq1 aliquote 1	SINGLE	SRS353025	Drosophila melanogaster	GSM980236
SRR488696	SRX173141	ILLUMINA	GSM980237: ML-DmD32 V022/V132/BS25 (Celniker/RNA:163) rep1 extraction1_seq1 aliquote 1	SINGLE	SRS353030	Drosophila melanogaster	GSM980237
SRR488697	SRX173141	ILLUMINA	GSM980237: ML-DmD32 V022/V132/BS25 (Celniker/RNA:163) rep1 extraction1_seq1 aliquote 1	SINGLE	SRS353030	Drosophila melanogaster	GSM980237
SRR488693	SRX173137	ILLUMINA	GSM980235: S2-DRSC V145/BS10 (Celniker/RNA:13) rep1 extraction1_seq1 aliquote 1	SINGLE	SRS353026	Drosophila melanogaster	GSM980235
SRR525054	SRX160905	ILLUMINA	GSM915693: S3 V128 (Replicate 2) extraction2_seq1 aliquote 1	SINGLE	SRS351382	Drosophila melanogaster	GSM915693
SRR514862	SRX155404	ILLUMINA	GSM915695: OSC cells V144 extraction2_seq1 aliquote 1	SINGLE	SRS346479	Drosophila melanogaster	GSM915695
SRR494035	SRX145938	ILLUMINA	GSM927186: CG16901_RIP-Seq, rep2	SINGLE	SRS312129	Drosophila melanogaster	GSM927186
SRR494036	SRX145939	ILLUMINA	GSM927187: CG17136_RIP-Seq, rep1	SINGLE	SRS312130	Drosophila melanogaster	GSM927187
SRR494037	SRX145940	ILLUMINA	GSM927188: CG17136_RIP-Seq, rep2	SINGLE	SRS312131	Drosophila melanogaster	GSM927188
SRR494038	SRX145941	ILLUMINA	GSM927189: CG17838_RIP-Seq, rep1	PAIRED	SRS312132	Drosophila melanogaster	GSM927189
SRR494039	SRX145942	ILLUMINA	GSM927190: CG17838_RIP-Seq, rep2	SINGLE	SRS312133	Drosophila melanogaster	GSM927190
SRR494040	SRX145943	ILLUMINA	GSM927191: CG31716_RIP-Seq, rep1	SINGLE	SRS312134	Drosophila melanogaster	GSM927191
SRR494041	SRX145944	ILLUMINA	GSM927192: CG31716_RIP-Seq, rep2	SINGLE	SRS312135	Drosophila melanogaster	GSM927192
SRR494042	SRX145945	ILLUMINA	GSM927193: CG3613_RIP-Seq, rep1	PAIRED	SRS312136	Drosophila melanogaster	GSM927193
SRR494043	SRX145946	ILLUMINA	GSM927194: CG3613_RIP-Seq, rep2	SINGLE	SRS312137	Drosophila melanogaster	GSM927194
SRR494044	SRX145947	ILLUMINA	GSM927195: CG4262_RIP-Seq, rep1	SINGLE	SRS312138	Drosophila melanogaster	GSM927195
SRR494045	SRX145948	ILLUMINA	GSM927196: CG4262_RIP-Seq, rep2	SINGLE	SRS312139	Drosophila melanogaster	GSM927196
SRR494046	SRX145949	ILLUMINA	GSM927197: CG42670_RIP-Seq, rep1	SINGLE	SRS312140	Drosophila melanogaster	GSM927197
SRR494047	SRX145950	ILLUMINA	GSM927198: CG42670_RIP-Seq, rep2	SINGLE	SRS312141	Drosophila melanogaster	GSM927198
SRR494048	SRX145951	ILLUMINA	GSM927199: CG42670_RIP-Seq, rep3	PAIRED	SRS312142	Drosophila melanogaster	GSM927199
SRR494049	SRX145952	ILLUMINA	GSM927200: CG4602_RIP-Seq, rep1	SINGLE	SRS312143	Drosophila melanogaster	GSM927200
SRR494050	SRX145953	ILLUMINA	GSM927201: CG4602_RIP-Seq, rep2	SINGLE	SRS312144	Drosophila melanogaster	GSM927201
SRR494051	SRX145954	ILLUMINA	GSM927202: CG4816_RIP-Seq, rep1	SINGLE	SRS312145	Drosophila melanogaster	GSM927202
SRR494052	SRX145955	ILLUMINA	GSM927203: CG4816_RIP-Seq, rep2	SINGLE	SRS312146	Drosophila melanogaster	GSM927203
SRR494053	SRX145956	ILLUMINA	GSM927204: CG5099_RIP-Seq, rep1	SINGLE	SRS312147	Drosophila melanogaster	GSM927204
SRR494054	SRX145957	ILLUMINA	GSM927205: CG5099_RIP-Seq, rep2	SINGLE	SRS312148	Drosophila melanogaster	GSM927205
SRR494055	SRX145958	ILLUMINA	GSM927206: CG5442_RIP-Seq, rep1	SINGLE	SRS312149	Drosophila melanogaster	GSM927206
SRR494056	SRX145959	ILLUMINA	GSM927207: CG5442_RIP-Seq, rep2	SINGLE	SRS312150	Drosophila melanogaster	GSM927207
SRR494057	SRX145960	ILLUMINA	GSM927208: CG6203_RIP-Seq, rep1	SINGLE	SRS312151	Drosophila melanogaster	GSM927208
SRR494058	SRX145961	ILLUMINA	GSM927209: CG6203_RIP-Seq, rep2	SINGLE	SRS312152	Drosophila melanogaster	GSM927209
SRR494059	SRX145962	ILLUMINA	GSM927210: CG6203_RIP-Seq, rep3	PAIRED	SRS312153	Drosophila melanogaster	GSM927210
SRR494060	SRX145963	ILLUMINA	GSM927211: CG6227_RIP-Seq, rep1	SINGLE	SRS312154	Drosophila melanogaster	GSM927211
SRR494061	SRX145964	ILLUMINA	GSM927212: CG6227_RIP-Seq, rep2	SINGLE	SRS312155	Drosophila melanogaster	GSM927212
SRR494062	SRX145965	ILLUMINA	GSM927213: CG6779_RIP-Seq, rep1	SINGLE	SRS312156	Drosophila melanogaster	GSM927213
SRR494063	SRX145966	ILLUMINA	GSM927214: CG6779_RIP-Seq, rep2	SINGLE	SRS312157	Drosophila melanogaster	GSM927214
SRR494064	SRX145967	ILLUMINA	GSM927215: CG6779_RIP-Seq, rep3	SINGLE	SRS312158	Drosophila melanogaster	GSM927215
SRR494065	SRX145968	ILLUMINA	GSM927216: CG6841_RIP-Seq, rep1	SINGLE	SRS312159	Drosophila melanogaster	GSM927216
SRR494066	SRX145969	ILLUMINA	GSM927217: CG6841_RIP-Seq, rep2	SINGLE	SRS312160	Drosophila melanogaster	GSM927217
SRR494067	SRX145970	ILLUMINA	GSM927218: CG6987_RIP-Seq, rep1	PAIRED	SRS312161	Drosophila melanogaster	GSM927218
SRR494068	SRX145971	ILLUMINA	GSM927219: CG6987_RIP-Seq, rep2	SINGLE	SRS312162	Drosophila melanogaster	GSM927219
SRR494069	SRX145972	ILLUMINA	GSM927220: CG7437_RIP-Seq, rep1	SINGLE	SRS312163	Drosophila melanogaster	GSM927220
SRR494070	SRX145973	ILLUMINA	GSM927221: CG7437_RIP-Seq, rep2	SINGLE	SRS312164	Drosophila melanogaster	GSM927221
SRR494071	SRX145974	ILLUMINA	GSM927222: CG8636_RIP-Seq, rep1	SINGLE	SRS312165	Drosophila melanogaster	GSM927222
SRR494072	SRX145975	ILLUMINA	GSM927223: CG8636_RIP-Seq, rep2	SINGLE	SRS312166	Drosophila melanogaster	GSM927223
SRR494073	SRX145976	ILLUMINA	GSM927224: CG8749_RIP-Seq, rep1	SINGLE	SRS312167	Drosophila melanogaster	GSM927224
SRR494074	SRX145977	ILLUMINA	GSM927225: CG8749_RIP-Seq, rep2	SINGLE	SRS312168	Drosophila melanogaster	GSM927225
SRR494075	SRX145978	ILLUMINA	GSM927226: CG9998_RIP-Seq, rep1	SINGLE	SRS312169	Drosophila melanogaster	GSM927226
SRR494076	SRX145979	ILLUMINA	GSM927227: CG9998_RIP-Seq, rep2	SINGLE	SRS312170	Drosophila melanogaster	GSM927227
SRR494077	SRX145980	ILLUMINA	GSM927228: Empty Vector_RIP-Seq, rep1	PAIRED	SRS312171	Drosophila melanogaster	GSM927228
SRR494078	SRX145981	ILLUMINA	GSM927229: Empty Vector_RIP-Seq, rep2	SINGLE	SRS312172	Drosophila melanogaster	GSM927229
SRR494079	SRX145982	ILLUMINA	GSM927230: Empty Vector_RIP-Seq, rep3	SINGLE	SRS312173	Drosophila melanogaster	GSM927230
SRR494080	SRX145983	ILLUMINA	GSM927231: Empty Vector_RIP-Seq, rep4	SINGLE	SRS312174	Drosophila melanogaster	GSM927231
SRR494081	SRX145984	ILLUMINA	GSM927232: Empty Vector_RIP-Seq, rep5	SINGLE	SRS312175	Drosophila melanogaster	GSM927232
SRR494082	SRX145985	ILLUMINA	GSM927233: Empty Vector_RIP-Seq, rep6	SINGLE	SRS312176	Drosophila melanogaster	GSM927233
SRR494083	SRX145986	ILLUMINA	GSM927234: Empty Vector_RIP-Seq, rep7	SINGLE	SRS312177	Drosophila melanogaster	GSM927234
SRR074516	SRX032570	ILLUMINA	GSM627397: S2-DRSC-CG6227_RNAi-2	SINGLE	SRS140187	Drosophila melanogaster	GSM627397
SRR074517	SRX032571	ILLUMINA	GSM627398: S2-DRSC-CG6841_RNAi-1	SINGLE	SRS140188	Drosophila melanogaster	GSM627398
SRR074518	SRX032572	ILLUMINA	GSM627399: S2-DRSC-CG6841_RNAi-2	SINGLE	SRS140189	Drosophila melanogaster	GSM627399
SRR074519	SRX032573	ILLUMINA	GSM627400: S2-DRSC-CG6946-RNAi-2	SINGLE	SRS140190	Drosophila melanogaster	GSM627400
SRR074520	SRX032573	ILLUMINA	GSM627400: S2-DRSC-CG6946-RNAi-2	SINGLE	SRS140190	Drosophila melanogaster	GSM627400
SRR074521	SRX032574	ILLUMINA	GSM627401: S2-DRSC-CG7437-RNAi-2	SINGLE	SRS140191	Drosophila melanogaster	GSM627401
SRR074522	SRX032574	ILLUMINA	GSM627401: S2-DRSC-CG7437-RNAi-2	SINGLE	SRS140191	Drosophila melanogaster	GSM627401
SRR074523	SRX032575	ILLUMINA	GSM627402: S2-DRSC-CG7971-RNAi-2	SINGLE	SRS140192	Drosophila melanogaster	GSM627402
SRR074524	SRX032575	ILLUMINA	GSM627402: S2-DRSC-CG7971-RNAi-2	SINGLE	SRS140192	Drosophila melanogaster	GSM627402
SRR074525	SRX032576	ILLUMINA	GSM627403: S2-DRSC-CG8019_RNAi-1	SINGLE	SRS140193	Drosophila melanogaster	GSM627403
SRR074526	SRX032577	ILLUMINA	GSM627404: S2-DRSC-CG8019_RNAi-2	SINGLE	SRS140194	Drosophila melanogaster	GSM627404
SRR074527	SRX032578	ILLUMINA	GSM627405: S2-DRSC-CG8241_RNAi-1	SINGLE	SRS140195	Drosophila melanogaster	GSM627405
SRR074528	SRX032579	ILLUMINA	GSM627406: S2-DRSC-CG8241_RNAi-2	SINGLE	SRS140196	Drosophila melanogaster	GSM627406
SRR074529	SRX032580	ILLUMINA	GSM627407: S2-DRSC-CG8636-RNAi-1	SINGLE	SRS140197	Drosophila melanogaster	GSM627407
SRR074530	SRX032580	ILLUMINA	GSM627407: S2-DRSC-CG8636-RNAi-1	SINGLE	SRS140197	Drosophila melanogaster	GSM627407
SRR074531	SRX032581	ILLUMINA	GSM627408: S2-DRSC-CG8636-RNAi-2	SINGLE	SRS140198	Drosophila melanogaster	GSM627408
SRR074532	SRX032582	ILLUMINA	GSM627409: S2-DRSC-CG8749-RNAi-1	SINGLE	SRS140199	Drosophila melanogaster	GSM627409
SRR074533	SRX032583	ILLUMINA	GSM627410: S2-DRSC-CG8749-RNAi-2	SINGLE	SRS140200	Drosophila melanogaster	GSM627410
SRR074534	SRX032584	ILLUMINA	GSM627411: S2-DRSC-CG8781-RNAi-1	SINGLE	SRS140201	Drosophila melanogaster	GSM627411
SRR074535	SRX032584	ILLUMINA	GSM627411: S2-DRSC-CG8781-RNAi-1	SINGLE	SRS140201	Drosophila melanogaster	GSM627411
SRR074536	SRX032585	ILLUMINA	GSM627412: S2-DRSC-CG8781-RNAi-2	SINGLE	SRS140202	Drosophila melanogaster	GSM627412
SRR074537	SRX032585	ILLUMINA	GSM627412: S2-DRSC-CG8781-RNAi-2	SINGLE	SRS140202	Drosophila melanogaster	GSM627412
SRR074538	SRX032586	ILLUMINA	GSM627413: S2-DRSC-CG8912-RNAi-1	SINGLE	SRS140203	Drosophila melanogaster	GSM627413
SRR074539	SRX032586	ILLUMINA	GSM627413: S2-DRSC-CG8912-RNAi-1	SINGLE	SRS140203	Drosophila melanogaster	GSM627413
SRR074540	SRX032586	ILLUMINA	GSM627413: S2-DRSC-CG8912-RNAi-1	SINGLE	SRS140203	Drosophila melanogaster	GSM627413
SRR074541	SRX032587	ILLUMINA	GSM627414: S2-DRSC-CG8912-RNAi-2	SINGLE	SRS140204	Drosophila melanogaster	GSM627414
SRR074542	SRX032587	ILLUMINA	GSM627414: S2-DRSC-CG8912-RNAi-2	SINGLE	SRS140204	Drosophila melanogaster	GSM627414
SRR074543	SRX032587	ILLUMINA	GSM627414: S2-DRSC-CG8912-RNAi-2	SINGLE	SRS140204	Drosophila melanogaster	GSM627414
SRR074544	SRX032588	ILLUMINA	GSM627415: S2-DRSC-CG9373-RNAi-2	SINGLE	SRS140205	Drosophila melanogaster	GSM627415
SRR074545	SRX032588	ILLUMINA	GSM627415: S2-DRSC-CG9373-RNAi-2	SINGLE	SRS140205	Drosophila melanogaster	GSM627415
SRR074546	SRX032588	ILLUMINA	GSM627415: S2-DRSC-CG9373-RNAi-2	SINGLE	SRS140205	Drosophila melanogaster	GSM627415
SRR074547	SRX032589	ILLUMINA	GSM627416: S2-DRSC-CG9412-RNAi-1	SINGLE	SRS140206	Drosophila melanogaster	GSM627416
SRR074548	SRX032590	ILLUMINA	GSM627417: S2-DRSC-CG9412-RNAi-2	SINGLE	SRS140207	Drosophila melanogaster	GSM627417
SRR074549	SRX032591	ILLUMINA	GSM627418: S2-DRSC-CG9983-RNAi-2	SINGLE	SRS140208	Drosophila melanogaster	GSM627418
SRR074550	SRX032591	ILLUMINA	GSM627418: S2-DRSC-CG9983-RNAi-2	SINGLE	SRS140208	Drosophila melanogaster	GSM627418
SRR488716	SRX143252	ILLUMINA	GSM915681: G2 extraction1_seq1 aliquote 1	SINGLE	SRS309741	Drosophila melanogaster	GSM915681
SRR488717	SRX143253	ILLUMINA	GSM915679: S3 extraction1_seq1 aliquote 1	SINGLE	SRS309742	Drosophila melanogaster	GSM915679
SRR488718	SRX143254	ILLUMINA	GSM915680: fGS/OSS extraction1_seq1 aliquote 1	SINGLE	SRS309743	Drosophila melanogaster	GSM915680
SRR488720	SRX143256	ILLUMINA	GSM915694: CME_L1 extraction1_seq1 aliquote 1	SINGLE	SRS309745	Drosophila melanogaster	GSM915694
SRR488722	SRX143258	ILLUMINA	GSM915696: S1 extraction1_seq1 aliquote 1	SINGLE	SRS309747	Drosophila melanogaster	GSM915696
SRR488723	SRX143259	ILLUMINA	GSM915697: OSC cells M031 extraction1_seq1 aliquote 1	SINGLE	SRS309748	Drosophila melanogaster	GSM915697
SRR489384	SRX143470	ILLUMINA	GSM919259: ML-DmD16-c3 (Celniker/RNA:133) extraction1_seq1 aliquote 1	SINGLE	SRS309886	Drosophila melanogaster	GSM919259
SRR489385	SRX143472	ILLUMINA	GSM919260: ML-DmD20-c5 (Celniker/RNA:191) extraction1_seq1 aliquote 1	SINGLE	SRS309887	Drosophila melanogaster	GSM919260
SRR489386	SRX143473	ILLUMINA	GSM919261: ML-DmD20-c5 (Celniker/RNA:187) extraction1_seq1 aliquote 1	SINGLE	SRS309888	Drosophila melanogaster	GSM919261
SRR489387	SRX143474	ILLUMINA	GSM919262: S1 (Celniker/RNA:25) extraction1_seq1 aliquote 1	SINGLE	SRS309889	Drosophila melanogaster	GSM919262
SRR489389	SRX143475	ILLUMINA	GSM919263: Lai_DTT-4h extraction1_seq1 aliquote 1	SINGLE	SRS309890	Drosophila melanogaster	GSM919263
SRR489391	SRX143477	ILLUMINA	GSM919264: ML-DmD8 (Celniker/RNA:205) extraction1_seq1 aliquote 1	SINGLE	SRS309892	Drosophila melanogaster	GSM919264
SRR489392	SRX143478	ILLUMINA	GSM919265: ML-DmD8 (Celniker/RNA:207) extraction1_seq1 aliquote 1	SINGLE	SRS309893	Drosophila melanogaster	GSM919265
SRR489393	SRX143479	ILLUMINA	GSM919266: mbn2 (Celniker/RNA:47) extraction1_seq1 aliquote 1	SINGLE	SRS309894	Drosophila melanogaster	GSM919266
SRR489394	SRX143480	ILLUMINA	GSM919267: mbn2 (Celniker/RNA:43) extraction1_seq1 aliquote 1	SINGLE	SRS309895	Drosophila melanogaster	GSM919267
SRR489395	SRX143481	ILLUMINA	GSM919268: CME-W2 (Celniker/RNA:459) extraction1_seq1 aliquote 1	SINGLE	SRS309896	Drosophila melanogaster	GSM919268
SRR489396	SRX143482	ILLUMINA	GSM919269: CME-W2 (Celniker/RNA:461) extraction1_seq1 aliquote 1	SINGLE	SRS309897	Drosophila melanogaster	GSM919269
SRR494014	SRX145917	ILLUMINA	GSM927165: CG10128_RIP-Seq, rep1	PAIRED	SRS312108	Drosophila melanogaster	GSM927165
SRR494015	SRX145918	ILLUMINA	GSM927166: CG10128_RIP-Seq, rep2	SINGLE	SRS312109	Drosophila melanogaster	GSM927166
SRR494016	SRX145919	ILLUMINA	GSM927167: CG10203_RIP-Seq, rep1	SINGLE	SRS312110	Drosophila melanogaster	GSM927167
SRR494017	SRX145920	ILLUMINA	GSM927168: CG10203_RIP-Seq, rep2	SINGLE	SRS312111	Drosophila melanogaster	GSM927168
SRR494018	SRX145921	ILLUMINA	GSM927169: CG10279_RIP-Seq, rep1	SINGLE	SRS312112	Drosophila melanogaster	GSM927169
SRR494019	SRX145922	ILLUMINA	GSM927170: CG10279_RIP-Seq, rep2	SINGLE	SRS312113	Drosophila melanogaster	GSM927170
SRR494020	SRX145923	ILLUMINA	GSM927171: CG10851_RIP-Seq, rep1	SINGLE	SRS312114	Drosophila melanogaster	GSM927171
SRR494021	SRX145924	ILLUMINA	GSM927172: CG10851_RIP-Seq, rep2	SINGLE	SRS312115	Drosophila melanogaster	GSM927172
SRR494022	SRX145925	ILLUMINA	GSM927173: CG12357_RIP-Seq, rep1	SINGLE	SRS312116	Drosophila melanogaster	GSM927173
SRR494023	SRX145926	ILLUMINA	GSM927174: CG12357_RIP-Seq, rep2	SINGLE	SRS312117	Drosophila melanogaster	GSM927174
SRR494024	SRX145927	ILLUMINA	GSM927175: CG12749_RIP-Seq, rep1	SINGLE	SRS312118	Drosophila melanogaster	GSM927175
SRR494025	SRX145928	ILLUMINA	GSM927176: CG12749_RIP-Seq, rep2	SINGLE	SRS312119	Drosophila melanogaster	GSM927176
SRR494026	SRX145929	ILLUMINA	GSM927177: CG1559_RIP-Seq, rep1	SINGLE	SRS312120	Drosophila melanogaster	GSM927177
SRR494027	SRX145930	ILLUMINA	GSM927178: CG1559_RIP-Seq, rep2	SINGLE	SRS312121	Drosophila melanogaster	GSM927178
SRR494028	SRX145931	ILLUMINA	GSM927179: CG16725_RIP-Seq, rep1	PAIRED	SRS312122	Drosophila melanogaster	GSM927179
SRR494029	SRX145932	ILLUMINA	GSM927180: CG16725_RIP-Seq, rep2	SINGLE	SRS312123	Drosophila melanogaster	GSM927180
SRR494030	SRX145933	ILLUMINA	GSM927181: CG16725_RIP-Seq, rep3	SINGLE	SRS312124	Drosophila melanogaster	GSM927181
SRR494031	SRX145934	ILLUMINA	GSM927182: CG16788_RIP-Seq, rep1	SINGLE	SRS312125	Drosophila melanogaster	GSM927182
SRR494032	SRX145935	ILLUMINA	GSM927183: CG16788_RIP-Seq, rep2	SINGLE	SRS312126	Drosophila melanogaster	GSM927183
SRR494033	SRX145936	ILLUMINA	GSM927184: CG16788_RIP-Seq, rep3	SINGLE	SRS312127	Drosophila melanogaster	GSM927184
SRR494034	SRX145937	ILLUMINA	GSM927185: CG16901_RIP-Seq, rep1	SINGLE	SRS312128	Drosophila melanogaster	GSM927185
SRR074434	SRX032510	ILLUMINA	GSM627337: S2-DRSC-CG10279_RNAi-1	SINGLE	SRS140127	Drosophila melanogaster	GSM627337
SRR074435	SRX032510	ILLUMINA	GSM627337: S2-DRSC-CG10279_RNAi-1	SINGLE	SRS140127	Drosophila melanogaster	GSM627337
SRR074436	SRX032511	ILLUMINA	GSM627338: S2-DRSC-CG10279_RNAi-2	SINGLE	SRS140128	Drosophila melanogaster	GSM627338
SRR074437	SRX032511	ILLUMINA	GSM627338: S2-DRSC-CG10279_RNAi-2	SINGLE	SRS140128	Drosophila melanogaster	GSM627338
SRR074438	SRX032511	ILLUMINA	GSM627338: S2-DRSC-CG10279_RNAi-2	SINGLE	SRS140128	Drosophila melanogaster	GSM627338
SRR074439	SRX032512	ILLUMINA	GSM627339: S2-DRSC-CG10328_RNAi-1	SINGLE	SRS140129	Drosophila melanogaster	GSM627339
SRR074440	SRX032513	ILLUMINA	GSM627340: S2-DRSC-CG10328_RNAi-2	SINGLE	SRS140130	Drosophila melanogaster	GSM627340
SRR074441	SRX032514	ILLUMINA	GSM627341: S2-DRSC-CG10377_RNAi-1	SINGLE	SRS140131	Drosophila melanogaster	GSM627341
SRR074442	SRX032515	ILLUMINA	GSM627342: S2-DRSC-CG10377_RNAi-2	SINGLE	SRS140132	Drosophila melanogaster	GSM627342
SRR074443	SRX032516	ILLUMINA	GSM627343: S2-DRSC-CG10851-RNAi-2	SINGLE	SRS140133	Drosophila melanogaster	GSM627343
SRR074444	SRX032516	ILLUMINA	GSM627343: S2-DRSC-CG10851-RNAi-2	SINGLE	SRS140133	Drosophila melanogaster	GSM627343
SRR074445	SRX032517	ILLUMINA	GSM627344: S2-DRSC-CG1101-RNAi-1	SINGLE	SRS140134	Drosophila melanogaster	GSM627344
SRR074446	SRX032518	ILLUMINA	GSM627345: S2-DRSC-CG1101-RNAi-2	SINGLE	SRS140135	Drosophila melanogaster	GSM627345
SRR074447	SRX032519	ILLUMINA	GSM627346: S2-DRSC-CG11266-RNAi-1	SINGLE	SRS140136	Drosophila melanogaster	GSM627346
SRR074448	SRX032520	ILLUMINA	GSM627347: S2-DRSC-CG11266-RNAi-2	SINGLE	SRS140137	Drosophila melanogaster	GSM627347
SRR074449	SRX032521	ILLUMINA	GSM627348: S2-DRSC-CG12749-RNAi-2	SINGLE	SRS140138	Drosophila melanogaster	GSM627348
SRR074450	SRX032521	ILLUMINA	GSM627348: S2-DRSC-CG12749-RNAi-2	SINGLE	SRS140138	Drosophila melanogaster	GSM627348
SRR074451	SRX032522	ILLUMINA	GSM627349: S2-DRSC-CG13425_RNAi-2	SINGLE	SRS140139	Drosophila melanogaster	GSM627349
SRR074452	SRX032522	ILLUMINA	GSM627349: S2-DRSC-CG13425_RNAi-2	SINGLE	SRS140139	Drosophila melanogaster	GSM627349
SRR074453	SRX032523	ILLUMINA	GSM627350: S2-DRSC-CG1559-RNAi-2	SINGLE	SRS140140	Drosophila melanogaster	GSM627350
SRR074454	SRX032523	ILLUMINA	GSM627350: S2-DRSC-CG1559-RNAi-2	SINGLE	SRS140140	Drosophila melanogaster	GSM627350
SRR074455	SRX032524	ILLUMINA	GSM627351: S2-DRSC-CG1646_RNAi-1	SINGLE	SRS140141	Drosophila melanogaster	GSM627351
SRR074456	SRX032525	ILLUMINA	GSM627352: S2-DRSC-CG1646_RNAi-2	SINGLE	SRS140142	Drosophila melanogaster	GSM627352
SRR074457	SRX032526	ILLUMINA	GSM627353: S2-DRSC-CG16788-RNAi-1	SINGLE	SRS140143	Drosophila melanogaster	GSM627353
SRR074458	SRX032527	ILLUMINA	GSM627354: S2-DRSC-CG16788-RNAi-2	SINGLE	SRS140144	Drosophila melanogaster	GSM627354
SRR074459	SRX032528	ILLUMINA	GSM627355: S2-DRSC-CG16901-RNAi-2	SINGLE	SRS140145	Drosophila melanogaster	GSM627355
SRR074460	SRX032529	ILLUMINA	GSM627356: S2-DRSC-CG17136-RNAi-2	SINGLE	SRS140146	Drosophila melanogaster	GSM627356
SRR074461	SRX032529	ILLUMINA	GSM627356: S2-DRSC-CG17136-RNAi-2	SINGLE	SRS140146	Drosophila melanogaster	GSM627356
SRR074462	SRX032530	ILLUMINA	GSM627357: S2-DRSC-CG17838-RNAi-2	SINGLE	SRS140147	Drosophila melanogaster	GSM627357
SRR074463	SRX032531	ILLUMINA	GSM627358: S2-DRSC-CG18350_RNAi-1	SINGLE	SRS140148	Drosophila melanogaster	GSM627358
SRR074464	SRX032532	ILLUMINA	GSM627359: S2-DRSC-CG18350_RNAi-2	SINGLE	SRS140149	Drosophila melanogaster	GSM627359
SRR074465	SRX032532	ILLUMINA	GSM627359: S2-DRSC-CG18350_RNAi-2	SINGLE	SRS140149	Drosophila melanogaster	GSM627359
SRR074466	SRX032532	ILLUMINA	GSM627359: S2-DRSC-CG18350_RNAi-2	SINGLE	SRS140149	Drosophila melanogaster	GSM627359
SRR074467	SRX032533	ILLUMINA	GSM627360: S2-DRSC-CG18426-RNAi-2	SINGLE	SRS140150	Drosophila melanogaster	GSM627360
SRR074468	SRX032533	ILLUMINA	GSM627360: S2-DRSC-CG18426-RNAi-2	SINGLE	SRS140150	Drosophila melanogaster	GSM627360
SRR074469	SRX032534	ILLUMINA	GSM627361: S2-DRSC-CG1987-RNAi-2	SINGLE	SRS140151	Drosophila melanogaster	GSM627361
SRR074470	SRX032535	ILLUMINA	GSM627362: S2-DRSC-CG30122-RNAi-2	SINGLE	SRS140152	Drosophila melanogaster	GSM627362
SRR074471	SRX032535	ILLUMINA	GSM627362: S2-DRSC-CG30122-RNAi-2	SINGLE	SRS140152	Drosophila melanogaster	GSM627362
SRR074472	SRX032536	ILLUMINA	GSM627363: S2-DRSC-CG31000-RNAi-2	SINGLE	SRS140153	Drosophila melanogaster	GSM627363
SRR074473	SRX032536	ILLUMINA	GSM627363: S2-DRSC-CG31000-RNAi-2	SINGLE	SRS140153	Drosophila melanogaster	GSM627363
SRR074474	SRX032537	ILLUMINA	GSM627364: S2-DRSC-CG31716-RNAi-1	SINGLE	SRS140154	Drosophila melanogaster	GSM627364
SRR074475	SRX032538	ILLUMINA	GSM627365: S2-DRSC-CG31716-RNAi-2	SINGLE	SRS140155	Drosophila melanogaster	GSM627365
SRR074476	SRX032539	ILLUMINA	GSM627366: S2-DRSC-CG32423-RNAi-1	SINGLE	SRS140156	Drosophila melanogaster	GSM627366
SRR074477	SRX032539	ILLUMINA	GSM627366: S2-DRSC-CG32423-RNAi-1	SINGLE	SRS140156	Drosophila melanogaster	GSM627366
SRR074478	SRX032540	ILLUMINA	GSM627367: S2-DRSC-CG32423-RNAi-2	SINGLE	SRS140157	Drosophila melanogaster	GSM627367
SRR074479	SRX032541	ILLUMINA	GSM627368: S2-DRSC-CG33106-RNAi-1	SINGLE	SRS140158	Drosophila melanogaster	GSM627368
SRR074480	SRX032542	ILLUMINA	GSM627369: S2-DRSC-CG33106-RNAi-2	SINGLE	SRS140159	Drosophila melanogaster	GSM627369
SRR074481	SRX032543	ILLUMINA	GSM627370: S2-DRSC-CG3312_RNAi-1	SINGLE	SRS140160	Drosophila melanogaster	GSM627370
SRR074482	SRX032544	ILLUMINA	GSM627371: S2-DRSC-CG3312_RNAi-2	SINGLE	SRS140161	Drosophila melanogaster	GSM627371
SRR074483	SRX032545	ILLUMINA	GSM627372: S2-DRSC-CG3584_RNAi-1	SINGLE	SRS140162	Drosophila melanogaster	GSM627372
SRR074484	SRX032546	ILLUMINA	GSM627373: S2-DRSC-CG3584_RNAi-2	SINGLE	SRS140163	Drosophila melanogaster	GSM627373
SRR074485	SRX032547	ILLUMINA	GSM627374: S2-DRSC-CG4262_RNAi-1	SINGLE	SRS140164	Drosophila melanogaster	GSM627374
SRR074486	SRX032548	ILLUMINA	GSM627375: S2-DRSC-CG4262_RNAi-2	SINGLE	SRS140165	Drosophila melanogaster	GSM627375
SRR074487	SRX032549	ILLUMINA	GSM627376: S2-DRSC-CG4602-RNAi-2	SINGLE	SRS140166	Drosophila melanogaster	GSM627376
SRR074488	SRX032549	ILLUMINA	GSM627376: S2-DRSC-CG4602-RNAi-2	SINGLE	SRS140166	Drosophila melanogaster	GSM627376
SRR074489	SRX032550	ILLUMINA	GSM627377: S2-DRSC-CG4760_RNAi-1	SINGLE	SRS140167	Drosophila melanogaster	GSM627377
SRR074490	SRX032551	ILLUMINA	GSM627378: S2-DRSC-CG4760_RNAi-2	SINGLE	SRS140168	Drosophila melanogaster	GSM627378
SRR074491	SRX032552	ILLUMINA	GSM627379: S2-DRSC-CG4816_RNAi-1	SINGLE	SRS140169	Drosophila melanogaster	GSM627379
SRR074492	SRX032553	ILLUMINA	GSM627380: S2-DRSC-CG4816_RNAi-2	SINGLE	SRS140170	Drosophila melanogaster	GSM627380
SRR074493	SRX032554	ILLUMINA	GSM627381: S2-DRSC-CG4878-RNAi-1	SINGLE	SRS140171	Drosophila melanogaster	GSM627381
SRR074494	SRX032555	ILLUMINA	GSM627382: S2-DRSC-CG4878-RNAi-2	SINGLE	SRS140172	Drosophila melanogaster	GSM627382
SRR074495	SRX032556	ILLUMINA	GSM627383: S2-DRSC-CG5099-RNAi-2	SINGLE	SRS140173	Drosophila melanogaster	GSM627383
SRR074496	SRX032556	ILLUMINA	GSM627383: S2-DRSC-CG5099-RNAi-2	SINGLE	SRS140173	Drosophila melanogaster	GSM627383
SRR074497	SRX032557	ILLUMINA	GSM627384: S2-DRSC-CG5170-RNAi-1	SINGLE	SRS140174	Drosophila melanogaster	GSM627384
SRR074498	SRX032558	ILLUMINA	GSM627385: S2-DRSC-CG5170-RNAi-2	SINGLE	SRS140175	Drosophila melanogaster	GSM627385
SRR074499	SRX032559	ILLUMINA	GSM627386: S2-DRSC-CG5422_RNAi-2	SINGLE	SRS140176	Drosophila melanogaster	GSM627386
SRR074500	SRX032560	ILLUMINA	GSM627387: S2-DRSC-CG5442_RNAi-1	SINGLE	SRS140177	Drosophila melanogaster	GSM627387
SRR074501	SRX032560	ILLUMINA	GSM627387: S2-DRSC-CG5442_RNAi-1	SINGLE	SRS140177	Drosophila melanogaster	GSM627387
SRR074502	SRX032561	ILLUMINA	GSM627388: S2-DRSC-CG5442-RNAi-2	SINGLE	SRS140178	Drosophila melanogaster	GSM627388
SRR074503	SRX032561	ILLUMINA	GSM627388: S2-DRSC-CG5442-RNAi-2	SINGLE	SRS140178	Drosophila melanogaster	GSM627388
SRR074504	SRX032562	ILLUMINA	GSM627389: S2-DRSC-CG5655-RNAi-2	SINGLE	SRS140179	Drosophila melanogaster	GSM627389
SRR074505	SRX032562	ILLUMINA	GSM627389: S2-DRSC-CG5655-RNAi-2	SINGLE	SRS140179	Drosophila melanogaster	GSM627389
SRR074506	SRX032562	ILLUMINA	GSM627389: S2-DRSC-CG5655-RNAi-2	SINGLE	SRS140179	Drosophila melanogaster	GSM627389
SRR074507	SRX032563	ILLUMINA	GSM627390: S2-DRSC-CG5821-RNAi-2	SINGLE	SRS140180	Drosophila melanogaster	GSM627390
SRR074508	SRX032563	ILLUMINA	GSM627390: S2-DRSC-CG5821-RNAi-2	SINGLE	SRS140180	Drosophila melanogaster	GSM627390
SRR074509	SRX032564	ILLUMINA	GSM627391: S2-DRSC-CG5836-RNAi-2	SINGLE	SRS140181	Drosophila melanogaster	GSM627391
SRR074510	SRX032564	ILLUMINA	GSM627391: S2-DRSC-CG5836-RNAi-2	SINGLE	SRS140181	Drosophila melanogaster	GSM627391
SRR074511	SRX032565	ILLUMINA	GSM627392: S2-DRSC-CG6049-RNAi-1	SINGLE	SRS140182	Drosophila melanogaster	GSM627392
SRR074512	SRX032566	ILLUMINA	GSM627393: S2-DRSC-CG6049-RNAi-2	SINGLE	SRS140183	Drosophila melanogaster	GSM627393
SRR074513	SRX032567	ILLUMINA	GSM627394: S2-DRSC-CG6203-RNAi-1	SINGLE	SRS140184	Drosophila melanogaster	GSM627394
SRR074514	SRX032568	ILLUMINA	GSM627395: S2-DRSC-CG6203-RNAi-2	SINGLE	SRS140185	Drosophila melanogaster	GSM627395
SRR074515	SRX032569	ILLUMINA	GSM627396: S2-DRSC-CG6227_RNAi-1	SINGLE	SRS140186	Drosophila melanogaster	GSM627396
SRR031754	SRX014477	ILLUMINA	S2_DRSC_CG10203_RNAi-1	SINGLE	SRS008465	Drosophila melanogaster	GSM461195
SRR031755	SRX014477	ILLUMINA	S2_DRSC_CG10203_RNAi-1	SINGLE	SRS008465	Drosophila melanogaster	GSM461195
SRR031756	SRX014478	ILLUMINA	S2_DRSC_CG17136_RNAi-1	SINGLE	SRS008466	Drosophila melanogaster	GSM461196
SRR031757	SRX014478	ILLUMINA	S2_DRSC_CG17136_RNAi-1	SINGLE	SRS008466	Drosophila melanogaster	GSM461196
SRR031758	SRX014479	ILLUMINA	S2_DRSC_CG5442_RNAi-1	SINGLE	SRS008467	Drosophila melanogaster	GSM461197
SRR031759	SRX014479	ILLUMINA	S2_DRSC_CG5442_RNAi-1	SINGLE	SRS008467	Drosophila melanogaster	GSM461197
SRR074422	SRX014479	ILLUMINA	S2_DRSC_CG5442_RNAi-1	SINGLE	SRS008467	Drosophila melanogaster	GSM461197
SRR074423	SRX014479	ILLUMINA	S2_DRSC_CG5442_RNAi-1	SINGLE	SRS008467	Drosophila melanogaster	GSM461197
SRR031760	SRX014480	ILLUMINA	S2_DRSC_CG10851_RNAi-1	SINGLE	SRS008468	Drosophila melanogaster	GSM461198
SRR031761	SRX014480	ILLUMINA	S2_DRSC_CG10851_RNAi-1	SINGLE	SRS008468	Drosophila melanogaster	GSM461198
SRR031762	SRX014481	ILLUMINA	S2_DRSC_CG18426_RNAi-1	SINGLE	SRS008469	Drosophila melanogaster	GSM461199
SRR031763	SRX014481	ILLUMINA	S2_DRSC_CG18426_RNAi-1	SINGLE	SRS008469	Drosophila melanogaster	GSM461199
SRR031764	SRX014482	ILLUMINA	S2_DRSC_CG7971_RNAi-1	SINGLE	SRS008470	Drosophila melanogaster	GSM461200
SRR031765	SRX014482	ILLUMINA	S2_DRSC_CG7971_RNAi-1	SINGLE	SRS008470	Drosophila melanogaster	GSM461200
SRR031766	SRX014483	ILLUMINA	S2_DRSC_CG10128_RNAi-1	SINGLE	SRS008471	Drosophila melanogaster	GSM461201
SRR031767	SRX014483	ILLUMINA	S2_DRSC_CG10128_RNAi-1	SINGLE	SRS008471	Drosophila melanogaster	GSM461201
SRR031768	SRX014484	ILLUMINA	S2_DRSC_CG31000_RNAi-1	SINGLE	SRS008472	Drosophila melanogaster	GSM461202
SRR031769	SRX014484	ILLUMINA	S2_DRSC_CG31000_RNAi-1	SINGLE	SRS008472	Drosophila melanogaster	GSM461202
SRR031770	SRX014485	ILLUMINA	S2_DRSC_CG7437_RNAi-1	SINGLE	SRS008473	Drosophila melanogaster	GSM461203
SRR031771	SRX014485	ILLUMINA	S2_DRSC_CG7437_RNAi-1	SINGLE	SRS008473	Drosophila melanogaster	GSM461203
SRR031772	SRX014486	ILLUMINA	S2_DRSC_CG1559_RNAi-1	SINGLE	SRS008474	Drosophila melanogaster	GSM461204
SRR031773	SRX014486	ILLUMINA	S2_DRSC_CG1559_RNAi-1	SINGLE	SRS008474	Drosophila melanogaster	GSM461204
SRR031774	SRX014487	ILLUMINA	S2_DRSC_CG5821_RNAi-1	SINGLE	SRS008475	Drosophila melanogaster	GSM461205
SRR031775	SRX014487	ILLUMINA	S2_DRSC_CG5821_RNAi-1	SINGLE	SRS008475	Drosophila melanogaster	GSM461205
SRR031776	SRX014488	ILLUMINA	S2_DRSC_CG5836_RNAi-1	SINGLE	SRS008476	Drosophila melanogaster	GSM461206
SRR031777	SRX014488	ILLUMINA	S2_DRSC_CG5836_RNAi-1	SINGLE	SRS008476	Drosophila melanogaster	GSM461206
SRR031778	SRX014489	ILLUMINA	S2_DRSC_CG3249_RNAi-1	SINGLE	SRS008477	Drosophila melanogaster	GSM461207
SRR031779	SRX014489	ILLUMINA	S2_DRSC_CG3249_RNAi-1	SINGLE	SRS008477	Drosophila melanogaster	GSM461207
SRR074424	SRX014489	ILLUMINA	S2_DRSC_CG3249_RNAi-1	SINGLE	SRS008477	Drosophila melanogaster	GSM461207
SRR074425	SRX014490	ILLUMINA	S2_DRSC_CG3249_RNAi-2	SINGLE	SRS008478	Drosophila melanogaster	GSM461208
SRR031780	SRX014490	ILLUMINA	S2_DRSC_CG3249_RNAi-2	SINGLE	SRS008478	Drosophila melanogaster	GSM461208
SRR031781	SRX014491	ILLUMINA	S2_DRSC_CG7878_RNAi-1	SINGLE	SRS008479	Drosophila melanogaster	GSM461209
SRR031782	SRX014491	ILLUMINA	S2_DRSC_CG7878_RNAi-1	SINGLE	SRS008479	Drosophila melanogaster	GSM461209
SRR074426	SRX014491	ILLUMINA	S2_DRSC_CG7878_RNAi-1	SINGLE	SRS008479	Drosophila melanogaster	GSM461209
SRR074427	SRX014492	ILLUMINA	S2_DRSC_CG7878_RNAi-2	SINGLE	SRS008480	Drosophila melanogaster	GSM461210
SRR031783	SRX014492	ILLUMINA	S2_DRSC_CG7878_RNAi-2	SINGLE	SRS008480	Drosophila melanogaster	GSM461210
SRR074428	SRX032506	ILLUMINA	GSM627333: S2_DRSC_Untreated_RNAi-31	SINGLE	SRS140123	Drosophila melanogaster	GSM627333
SRR074429	SRX032507	ILLUMINA	GSM627334: S2_DRSC_Untreated_RNAi-32	SINGLE	SRS140124	Drosophila melanogaster	GSM627334
SRR074430	SRX032508	ILLUMINA	GSM627335: S2-DRSC-CG10128-RNAi-2	SINGLE	SRS140125	Drosophila melanogaster	GSM627335
SRR074431	SRX032508	ILLUMINA	GSM627335: S2-DRSC-CG10128-RNAi-2	SINGLE	SRS140125	Drosophila melanogaster	GSM627335
SRR074432	SRX032508	ILLUMINA	GSM627335: S2-DRSC-CG10128-RNAi-2	SINGLE	SRS140125	Drosophila melanogaster	GSM627335
SRR074433	SRX032509	ILLUMINA	GSM627336: S2-DRSC-CG10203-RNAi-2	SINGLE	SRS140126	Drosophila melanogaster	GSM627336
SRR039433	SRX018864	ILLUMINA	GSM509821: Head_Dmel_Female (GA II)	SINGLE	SRS058934	Drosophila melanogaster	GSM509821
SRR039434	SRX018864	ILLUMINA	GSM509821: Head_Dmel_Female (GA II)	SINGLE	SRS058934	Drosophila melanogaster	GSM509821
SRR039435	SRX018864	ILLUMINA	GSM509821: Head_Dmel_Female (GA II)	SINGLE	SRS058934	Drosophila melanogaster	GSM509821
SRR039436	SRX018865	ILLUMINA	GSM509822: Head_Dmel_Male (GA II)	SINGLE	SRS058935	Drosophila melanogaster	GSM509822
SRR039437	SRX018865	ILLUMINA	GSM509822: Head_Dmel_Male (GA II)	SINGLE	SRS058935	Drosophila melanogaster	GSM509822
SRR039438	SRX018865	ILLUMINA	GSM509822: Head_Dmel_Male (GA II)	SINGLE	SRS058935	Drosophila melanogaster	GSM509822
SRR039439	SRX018866	ILLUMINA	GSM515636: Head_Dmel_Female (GA I)	SINGLE	SRS058936	Drosophila melanogaster	GSM515636
SRR039440	SRX018866	ILLUMINA	GSM515636: Head_Dmel_Female (GA I)	SINGLE	SRS058936	Drosophila melanogaster	GSM515636
SRR039441	SRX018866	ILLUMINA	GSM515636: Head_Dmel_Female (GA I)	SINGLE	SRS058936	Drosophila melanogaster	GSM515636
SRR039442	SRX018866	ILLUMINA	GSM515636: Head_Dmel_Female (GA I)	SINGLE	SRS058936	Drosophila melanogaster	GSM515636
SRR039443	SRX018866	ILLUMINA	GSM515636: Head_Dmel_Female (GA I)	SINGLE	SRS058936	Drosophila melanogaster	GSM515636
SRR039444	SRX018866	ILLUMINA	GSM515636: Head_Dmel_Female (GA I)	SINGLE	SRS058936	Drosophila melanogaster	GSM515636
SRR039445	SRX018866	ILLUMINA	GSM515636: Head_Dmel_Female (GA I)	SINGLE	SRS058936	Drosophila melanogaster	GSM515636
SRR039446	SRX018867	ILLUMINA	GSM515637: Head_Dmel_Male (GA I)	SINGLE	SRS058937	Drosophila melanogaster	GSM515637
SRR039447	SRX018867	ILLUMINA	GSM515637: Head_Dmel_Male (GA I)	SINGLE	SRS058937	Drosophila melanogaster	GSM515637
SRR039448	SRX018867	ILLUMINA	GSM515637: Head_Dmel_Male (GA I)	SINGLE	SRS058937	Drosophila melanogaster	GSM515637
SRR039449	SRX018867	ILLUMINA	GSM515637: Head_Dmel_Male (GA I)	SINGLE	SRS058937	Drosophila melanogaster	GSM515637
SRR039450	SRX018867	ILLUMINA	GSM515637: Head_Dmel_Male (GA I)	SINGLE	SRS058937	Drosophila melanogaster	GSM515637
SRR039451	SRX018867	ILLUMINA	GSM515637: Head_Dmel_Male (GA I)	SINGLE	SRS058937	Drosophila melanogaster	GSM515637
SRR039452	SRX018867	ILLUMINA	GSM515637: Head_Dmel_Male (GA I)	SINGLE	SRS058937	Drosophila melanogaster	GSM515637
SRR068998	SRX028578	ILLUMINA	GSM240749: Female heads	SINGLE	SRS117295	Drosophila melanogaster	GSM240749
SRR069228	SRX028796	ILLUMINA	GSM609243: Lai_Kc_Rubin_Ecdysone extraction1_seq1 aliquote 1	SINGLE	SRS117355	Drosophila melanogaster	GSM609243
SRR069229	SRX028797	ILLUMINA	GSM609244: Lai_Kc_Rubin_Ecdysone extraction2_seq1 aliquote 1	SINGLE	SRS117356	Drosophila melanogaster	GSM609244
SRR069230	SRX028798	ILLUMINA	GSM609241: Lai_S2_Rubin_Ecdysone extraction1_seq1 aliquote 1	SINGLE	SRS117357	Drosophila melanogaster	GSM609241
SRR069231	SRX028799	ILLUMINA	GSM609242: Lai_S2_Rubin_Ecdysone extraction2_seq1 aliquote 1	SINGLE	SRS117358	Drosophila melanogaster	GSM609242
SRR069232	SRX028800	ILLUMINA	GSM609246: Lai_CantonS_ovary extraction1_seq1 aliquote 1	SINGLE	SRS117359	Drosophila melanogaster	GSM609246
SRR069233	SRX028801	ILLUMINA	GSM609245: Lai_Dcr-2_L811fsX_ovary extraction1_seq1 aliquote 1	SINGLE	SRS117360	Drosophila melanogaster	GSM609245
SRR069234	SRX028802	ILLUMINA	GSM609238: embryos,2-6 hr after egg laying (Celniker/RNA:217, 223) extraction1-2	SINGLE	SRS117361	Drosophila melanogaster	GSM609238
SRR069235	SRX028803	ILLUMINA	GSM609237: Lai_Ago2-414_ovary extraction1_seq1 aliquote 1	SINGLE	SRS117362	Drosophila melanogaster	GSM609237
SRR069236	SRX028804	ILLUMINA	GSM609234: Tissue:Male_body:EL:1&oldid=19978 extraction1_seq1 aliquote 1	SINGLE	SRS117363	Drosophila melanogaster	GSM609234
SRR069242	SRX028810	ILLUMINA	GSM609232: Lai_r2d2_ovary_totalRNA extraction1_seq1 aliquote 1	SINGLE	SRS117365	Drosophila melanogaster	GSM609232
SRR069243	SRX028811	ILLUMINA	GSM609225: ML-DmBG3-c2 (Celniker/RNA:121) extraction1_seq1 aliquote 1	SINGLE	SRS117366	Drosophila melanogaster	GSM609225
SRR069244	SRX028812	ILLUMINA	GSM609224: adult female,eclosion + 1 day (Celniker/RNA:373) extraction1_seq1 aliquote 1	SINGLE	SRS117367	Drosophila melanogaster	GSM609224
SRR069245	SRX028813	ILLUMINA	GSM609223: adult male,eclosion + 1 day (Celniker/RNA:367) extraction1_seq1 aliquote 1	SINGLE	SRS117368	Drosophila melanogaster	GSM609223
SRR069246	SRX028814	ILLUMINA	GSM609222: ML-DmBG1-c1 (Celniker/RNA:115) extraction1_seq1 aliquote 1	SINGLE	SRS117369	Drosophila melanogaster	GSM609222
SRR069255	SRX028828	ILLUMINA	GSM609219: GM2 (Celniker/RNA:9) extraction1_seq1 aliquote 1	SINGLE	SRS117372	Drosophila melanogaster	GSM609219
SRR069256	SRX028830	ILLUMINA	GSM609220: ML-DmD21 (Celniker/RNA:53) extraction1_seq1 aliquote 1	SINGLE	SRS117374	Drosophila melanogaster	GSM609220
SRR069257	SRX028831	ILLUMINA	GSM609221: 1182-4H (Celniker/RNA:39) extraction1_seq1 aliquote 1	SINGLE	SRS117375	Drosophila melanogaster	GSM609221
SRR069258	SRX028832	ILLUMINA	GSM609217: ML-DmD20-c5 (Celniker/RNA:187) extraction1_seq1 aliquote 1	SINGLE	SRS117376	Drosophila melanogaster	GSM609217
SRR069259	SRX028833	ILLUMINA	GSM609218: Sg4 (Celniker/RNA:201) extraction1_seq1 aliquote 1	SINGLE	SRS117377	Drosophila melanogaster	GSM609218
SRR069262	SRX028836	ILLUMINA	GSM609229: embryos,14-24 hr after egg laying (Celniker/RNA:253,259,265,277) extraction1-4	SINGLE	SRS117379	Drosophila melanogaster	GSM609229
SRR069266	SRX028838	ILLUMINA	GSM609230: Tissue:Adult_ovaries:EL:1 extraction1_seq1 aliquote 1_Ago1IP_2744	SINGLE	SRS117381	Drosophila melanogaster	GSM609230
SRR069268	SRX028839	ILLUMINA	GSM609231: Tissue:Adult_ovaries:EL:1 extraction1_seq1 aliquote 1_Ago1IP_2746	SINGLE	SRS117382	Drosophila melanogaster	GSM609231
SRR069271	SRX028840	ILLUMINA	GSM609235: CME L1 (Celniker/RNA:85) extraction1_seq1 aliquote 1	SINGLE	SRS117383	Drosophila melanogaster	GSM609235
SRR069274	SRX028841	ILLUMINA	GSM609236: Tissue:Adult_ovaries:EL:1 extraction1_seq1 aliquote 1_Ago1IP_2747	SINGLE	SRS117384	Drosophila melanogaster	GSM609236
SRR069299	SRX028867	ILLUMINA	GSM609226: CME W1 Cl.8+ (Celniker/RNA:63) extraction1_seq1 aliquote 1	SINGLE	SRS117409	Drosophila melanogaster	GSM609226
SRR069300	SRX028868	ILLUMINA	GSM609227: CME W1 Cl.8+ (Celniker/RNA:59) extraction2_seq1 aliquote 1	SINGLE	SRS117410	Drosophila melanogaster	GSM609227
SRR069503	SRX028908	ILLUMINA	GSM609239: V002 extraction1_seq1 aliquote 1	SINGLE	SRS117430	Drosophila melanogaster	GSM609239
SRR069504	SRX028909	ILLUMINA	GSM609240: Lai_CantonS_Embryo_Irradiated extraction1_seq1 aliquote 1	SINGLE	SRS117431	Drosophila melanogaster	GSM609240
SRR069505	SRX028910	ILLUMINA	GSM609247: Lai_Female_Head_HeatShocked_V007 extraction1_seq1 aliquote 1	SINGLE	SRS117432	Drosophila melanogaster	GSM609247
SRR069506	SRX028911	ILLUMINA	GSM609248: ML-DmD9 (Celniker/RNA:73) extraction1_seq1 aliquote 1	SINGLE	SRS117433	Drosophila melanogaster	GSM609248
SRR069508	SRX028913	ILLUMINA	GSM609250: ML-DmD32 (Celniker/RNA:165) extraction1_seq1 aliquote 1	SINGLE	SRS117435	Drosophila melanogaster	GSM609250
SRR069509	SRX028914	ILLUMINA	GSM609251: Lai_Female_Head_Aged_V013 extraction1_seq1 aliquote 1	SINGLE	SRS117436	Drosophila melanogaster	GSM609251
SRR069542	SRX028952	ILLUMINA	GSM609228: S2-DRSC (Celniker/RNA:15) extraction1_seq1 aliquote 1	SINGLE	SRS117448	Drosophila melanogaster	GSM609228
SRR073601	SRX031800	ILLUMINA	GSM628271: r2d2[1] ovary total RNA	SINGLE	SRS139288	Drosophila melanogaster	GSM628271
SRR073602	SRX031801	ILLUMINA	GSM628272: ago2[414] ovary total RNA	SINGLE	SRS139289	Drosophila melanogaster	GSM628272
SRR014395	SRX003194	ILLUMINA	whole_fly_odt_1pmol	SINGLE	SRS002241	Drosophila melanogaster	whole_fly_odt_1pmol
SRR014396	SRX003195	ILLUMINA	whole_fly_odt_2pmol	SINGLE	SRS002242	Drosophila melanogaster	whole_fly_odt_2pmol
SRR014397	SRX003196	ILLUMINA	whole_fly_odt_4pmol	SINGLE	SRS002243	Drosophila melanogaster	whole_fly_odt_4pmol
SRR014394	SRX003193	ILLUMINA	whole_fly_rp_rep2	SINGLE	SRS002240	Drosophila melanogaster	whole_fly_rp_rep2
SRR015084	SRX003836	ILLUMINA	Kc167-2	PAIRED	SRS002589	Drosophila melanogaster	Kc167-2
SRR015086	SRX003836	ILLUMINA	Kc167-2	PAIRED	SRS002589	Drosophila melanogaster	Kc167-2
SRR015088	SRX003836	ILLUMINA	Kc167-2	PAIRED	SRS002589	Drosophila melanogaster	Kc167-2
SRR015090	SRX003837	ILLUMINA	Kc167-4	PAIRED	SRS002590	Drosophila melanogaster	Kc167-4
SRR015092	SRX003837	ILLUMINA	Kc167-4	PAIRED	SRS002590	Drosophila melanogaster	Kc167-4
SRR015094	SRX003838	ILLUMINA	ML-DmBG3-c2-122	PAIRED	SRS002591	Drosophila melanogaster	ML-DmBG3-c2-122
SRR015096	SRX003838	ILLUMINA	ML-DmBG3-c2-122	PAIRED	SRS002591	Drosophila melanogaster	ML-DmBG3-c2-122
SRR015098	SRX003839	ILLUMINA	ML-DmBG3-c2-124	PAIRED	SRS002592	Drosophila melanogaster	ML-DmBG3-c2-124
SRR015100	SRX003839	ILLUMINA	ML-DmBG3-c2-124	PAIRED	SRS002592	Drosophila melanogaster	ML-DmBG3-c2-124
SRR015102	SRX003839	ILLUMINA	ML-DmBG3-c2-124	PAIRED	SRS002592	Drosophila melanogaster	ML-DmBG3-c2-124
SRR015104	SRX003840	ILLUMINA	S2-DRSC-14	PAIRED	SRS002593	Drosophila melanogaster	S2-DRSC-14
SRR015106	SRX003840	ILLUMINA	S2-DRSC-14	PAIRED	SRS002593	Drosophila melanogaster	S2-DRSC-14
SRR015108	SRX003841	ILLUMINA	S2-DRSC-16	PAIRED	SRS002594	Drosophila melanogaster	S2-DRSC-16
SRR015110	SRX003841	ILLUMINA	S2-DRSC-16	PAIRED	SRS002594	Drosophila melanogaster	S2-DRSC-16
SRR015112	SRX003841	ILLUMINA	S2-DRSC-16	PAIRED	SRS002594	Drosophila melanogaster	S2-DRSC-16
SRR015074	SRX003834	ILLUMINA	CME_W1_Cl.8+-60	PAIRED	SRS002587	Drosophila melanogaster	CME_W1_Cl.8+-60
SRR015076	SRX003834	ILLUMINA	CME_W1_Cl.8+-60	PAIRED	SRS002587	Drosophila melanogaster	CME_W1_Cl.8+-60
SRR015078	SRX003834	ILLUMINA	CME_W1_Cl.8+-60	PAIRED	SRS002587	Drosophila melanogaster	CME_W1_Cl.8+-60
SRR015080	SRX003835	ILLUMINA	CME_W1_Cl.8+-62	PAIRED	SRS002588	Drosophila melanogaster	CME_W1_Cl.8+-62
SRR015082	SRX003835	ILLUMINA	CME_W1_Cl.8+-62	PAIRED	SRS002588	Drosophila melanogaster	CME_W1_Cl.8+-62
SRR015372	SRX003967	ILLUMINA	small RNA from S2 cells (S2-NP)	SINGLE	SRS002735	Drosophila melanogaster	small RNA from S2 cells (S2-NP)
SRR018039	SRX005023	ILLUMINA	dmel_female_body	SINGLE	SRS003138	Drosophila melanogaster	dmel_female_body
SRR016853	SRX005024	ILLUMINA	dmel_imaginal-disc-brain	SINGLE	SRS003139	Drosophila melanogaster	dmel_imaginal-disc-brain
SRR016854	SRX005025	ILLUMINA	dmel_male_body	SINGLE	SRS003140	Drosophila melanogaster	dmel_male_body
SRR016855	SRX005026	ILLUMINA	dmel_Kc	SINGLE	SRS003141	Drosophila melanogaster	dmel_Kc
SRR019717	SRX006980	ILLUMINA	Drosophila OSS cell small RNA libraries, rep1	SINGLE	SRS004371	Drosophila melanogaster	Drosophila OSS cell small RNA libraries, rep1
SRR019718	SRX006981	ILLUMINA	Drosophila OSS cell small RNA libraries, rep2	SINGLE	SRS004372	Drosophila melanogaster	Drosophila OSS cell small RNA libraries, rep2
SRR019719	SRX006982	ILLUMINA	Drosophila OSS cell small RNA libraries, rep3	SINGLE	SRS004373	Drosophila melanogaster	Drosophila OSS cell small RNA libraries, rep3
SRR019720	SRX006983	ILLUMINA	Drosophila OSS cell small RNA libraries, rep4	SINGLE	SRS004374	Drosophila melanogaster	Drosophila OSS cell small RNA libraries, rep4
SRR028728	SRX011859	ILLUMINA	dmel_Kc167_rep1	SINGLE	SRS006274	Drosophila melanogaster	GSM399100
SRR028729	SRX011860	ILLUMINA	dmel_Kc167_rep2	SINGLE	SRS006275	Drosophila melanogaster	GSM399101
SRR029023	SRX012152	ILLUMINA	Kc167_42.2	SINGLE	SRS006553	Drosophila melanogaster	GSM427868
SRR029024	SRX012153	ILLUMINA	Kc167_42.3	SINGLE	SRS006554	Drosophila melanogaster	GSM427869
SRR029025	SRX012154	ILLUMINA	Kc167_42.4	SINGLE	SRS006555	Drosophila melanogaster	GSM427870
SRR029026	SRX012155	ILLUMINA	Kc167_42.6	SINGLE	SRS006556	Drosophila melanogaster	GSM427871
SRR029027	SRX012156	ILLUMINA	Kc167_42.7	SINGLE	SRS006557	Drosophila melanogaster	GSM427872
SRR029308	SRX012350	ILLUMINA	Dm_emb_16-18h_Total_Ap	SINGLE	SRS006828	Drosophila melanogaster	GSM439966
SRR030226	SRX012974	ILLUMINA	E12-16_combined_RNAseq_1, 2	SINGLE	SRS007220	Drosophila melanogaster	GSM451803
SRR030227	SRX012974	ILLUMINA	E12-16_combined_RNAseq_1, 2	SINGLE	SRS007220	Drosophila melanogaster	GSM451803
SRR030228	SRX012975	ILLUMINA	AdultMale_combined_RNAseq_1, 2	SINGLE	SRS007221	Drosophila melanogaster	GSM451804
SRR030229	SRX012975	ILLUMINA	AdultMale_combined_RNAseq_1, 2	SINGLE	SRS007221	Drosophila melanogaster	GSM451804
SRR030230	SRX012976	ILLUMINA	AdultFemale_combined_RNAseq_1, 2	SINGLE	SRS007222	Drosophila melanogaster	GSM451805
SRR030231	SRX012976	ILLUMINA	AdultFemale_combined_RNAseq_1, 2	SINGLE	SRS007222	Drosophila melanogaster	GSM451805
SRR030232	SRX012977	ILLUMINA	E0-4_combined_RNAseq_1,2	SINGLE	SRS007223	Drosophila melanogaster	GSM451806
SRR030233	SRX012977	ILLUMINA	E0-4_combined_RNAseq_1,2	SINGLE	SRS007223	Drosophila melanogaster	GSM451806
SRR030234	SRX012978	ILLUMINA	E16-20_combined_RNAseq_1,2	SINGLE	SRS007224	Drosophila melanogaster	GSM451807
SRR030235	SRX012978	ILLUMINA	E16-20_combined_RNAseq_1,2	SINGLE	SRS007224	Drosophila melanogaster	GSM451807
SRR030236	SRX012979	ILLUMINA	E8-12_combined_RNAseq_1,2	SINGLE	SRS007225	Drosophila melanogaster	GSM451808
SRR030237	SRX012979	ILLUMINA	E8-12_combined_RNAseq_1,2	SINGLE	SRS007225	Drosophila melanogaster	GSM451808
SRR030238	SRX012980	ILLUMINA	E4-8_combined_RNAseq_1,2	SINGLE	SRS007226	Drosophila melanogaster	GSM451809
SRR030239	SRX012980	ILLUMINA	E4-8_combined_RNAseq_1,2	SINGLE	SRS007226	Drosophila melanogaster	GSM451809
SRR030240	SRX012981	ILLUMINA	E20-24_combined_RNAseq_1, 2	SINGLE	SRS007227	Drosophila melanogaster	GSM451810
SRR030241	SRX012981	ILLUMINA	E20-24_combined_RNAseq_1, 2	SINGLE	SRS007227	Drosophila melanogaster	GSM451810
SRR030242	SRX012982	ILLUMINA	L1_combined_RNAseq_1,2	SINGLE	SRS007228	Drosophila melanogaster	GSM451811
SRR030243	SRX012982	ILLUMINA	L1_combined_RNAseq_1,2	SINGLE	SRS007228	Drosophila melanogaster	GSM451811
SRR030244	SRX012983	ILLUMINA	L3_combined_RNAseq_1,2	SINGLE	SRS007229	Drosophila melanogaster	GSM451812
SRR030245	SRX012983	ILLUMINA	L3_combined_RNAseq_1,2	SINGLE	SRS007229	Drosophila melanogaster	GSM451812
SRR030246	SRX012984	ILLUMINA	Pupae_combined_RNAseq_1,2	SINGLE	SRS007230	Drosophila melanogaster	GSM451813
SRR030247	SRX012984	ILLUMINA	Pupae_combined_RNAseq_1,2	SINGLE	SRS007230	Drosophila melanogaster	GSM451813
SRR030248	SRX012985	ILLUMINA	L2_combined_RNAseq_1, 2	SINGLE	SRS007231	Drosophila melanogaster	GSM453867
SRR030249	SRX012985	ILLUMINA	L2_combined_RNAseq_1, 2	SINGLE	SRS007231	Drosophila melanogaster	GSM453867
SRR031708	SRX014458	ILLUMINA	S2_DRSC_Untreated-1	SINGLE	SRS008446	Drosophila melanogaster	GSM461176
SRR031709	SRX014458	ILLUMINA	S2_DRSC_Untreated-1	SINGLE	SRS008446	Drosophila melanogaster	GSM461176
SRR031710	SRX014458	ILLUMINA	S2_DRSC_Untreated-1	SINGLE	SRS008446	Drosophila melanogaster	GSM461176
SRR031711	SRX014458	ILLUMINA	S2_DRSC_Untreated-1	SINGLE	SRS008446	Drosophila melanogaster	GSM461176
SRR031712	SRX014458	ILLUMINA	S2_DRSC_Untreated-1	SINGLE	SRS008446	Drosophila melanogaster	GSM461176
SRR031713	SRX014458	ILLUMINA	S2_DRSC_Untreated-1	SINGLE	SRS008446	Drosophila melanogaster	GSM461176
SRR031714	SRX014459	ILLUMINA	S2_DRSC_Untreated-3	PAIRED	SRS008447	Drosophila melanogaster	GSM461177
SRR031715	SRX014459	ILLUMINA	S2_DRSC_Untreated-3	PAIRED	SRS008447	Drosophila melanogaster	GSM461177
SRR031716	SRX014460	ILLUMINA	S2_DRSC_Untreated-4	PAIRED	SRS008448	Drosophila melanogaster	GSM461178
SRR031717	SRX014460	ILLUMINA	S2_DRSC_Untreated-4	PAIRED	SRS008448	Drosophila melanogaster	GSM461178
SRR031718	SRX014461	ILLUMINA	S2_DRSC_CG8144_RNAi-1	SINGLE	SRS008449	Drosophila melanogaster	GSM461179
SRR031719	SRX014461	ILLUMINA	S2_DRSC_CG8144_RNAi-1	SINGLE	SRS008449	Drosophila melanogaster	GSM461179
SRR031720	SRX014461	ILLUMINA	S2_DRSC_CG8144_RNAi-1	SINGLE	SRS008449	Drosophila melanogaster	GSM461179
SRR031721	SRX014461	ILLUMINA	S2_DRSC_CG8144_RNAi-1	SINGLE	SRS008449	Drosophila melanogaster	GSM461179
SRR031722	SRX014461	ILLUMINA	S2_DRSC_CG8144_RNAi-1	SINGLE	SRS008449	Drosophila melanogaster	GSM461179
SRR031723	SRX014461	ILLUMINA	S2_DRSC_CG8144_RNAi-1	SINGLE	SRS008449	Drosophila melanogaster	GSM461179
SRR031724	SRX014462	ILLUMINA	S2_DRSC_CG8144_RNAi-3	PAIRED	SRS008450	Drosophila melanogaster	GSM461180
SRR031725	SRX014462	ILLUMINA	S2_DRSC_CG8144_RNAi-3	PAIRED	SRS008450	Drosophila melanogaster	GSM461180
SRR031726	SRX014463	ILLUMINA	S2_DRSC_CG8144_RNAi-4	PAIRED	SRS008451	Drosophila melanogaster	GSM461181
SRR031727	SRX014463	ILLUMINA	S2_DRSC_CG8144_RNAi-4	PAIRED	SRS008451	Drosophila melanogaster	GSM461181
SRR031728	SRX014464	ILLUMINA	S2_DRSC_Untreated-6	SINGLE	SRS008452	Drosophila melanogaster	GSM461182
SRR031729	SRX014464	ILLUMINA	S2_DRSC_Untreated-6	SINGLE	SRS008452	Drosophila melanogaster	GSM461182
SRR031730	SRX014465	ILLUMINA	S2_DRSC_CG6946_RNAi-1	SINGLE	SRS008453	Drosophila melanogaster	GSM461183
SRR031731	SRX014465	ILLUMINA	S2_DRSC_CG6946_RNAi-1	SINGLE	SRS008453	Drosophila melanogaster	GSM461183
SRR031732	SRX014466	ILLUMINA	S2_DRSC_CG9373_RNAi-1	SINGLE	SRS008454	Drosophila melanogaster	GSM461184
SRR031733	SRX014466	ILLUMINA	S2_DRSC_CG9373_RNAi-1	SINGLE	SRS008454	Drosophila melanogaster	GSM461184
SRR031734	SRX014467	ILLUMINA	S2_DRSC_CG5099_RNAi-1	SINGLE	SRS008455	Drosophila melanogaster	GSM461185
SRR031735	SRX014467	ILLUMINA	S2_DRSC_CG5099_RNAi-1	SINGLE	SRS008455	Drosophila melanogaster	GSM461185
SRR031736	SRX014468	ILLUMINA	S2_DRSC_CG9983_RNAi-1	SINGLE	SRS008456	Drosophila melanogaster	GSM461186
SRR031737	SRX014468	ILLUMINA	S2_DRSC_CG9983_RNAi-1	SINGLE	SRS008456	Drosophila melanogaster	GSM461186
SRR031738	SRX014469	ILLUMINA	S2_DRSC_CG12749_RNAi-1	SINGLE	SRS008457	Drosophila melanogaster	GSM461187
SRR031739	SRX014469	ILLUMINA	S2_DRSC_CG12749_RNAi-1	SINGLE	SRS008457	Drosophila melanogaster	GSM461187
SRR031740	SRX014470	ILLUMINA	S2_DRSC_CG17838_RNAi-1	SINGLE	SRS008458	Drosophila melanogaster	GSM461188
SRR031741	SRX014470	ILLUMINA	S2_DRSC_CG17838_RNAi-1	SINGLE	SRS008458	Drosophila melanogaster	GSM461188
SRR031742	SRX014471	ILLUMINA	S2_DRSC_CG16901_RNAi-1	SINGLE	SRS008459	Drosophila melanogaster	GSM461189
SRR031743	SRX014471	ILLUMINA	S2_DRSC_CG16901_RNAi-1	SINGLE	SRS008459	Drosophila melanogaster	GSM461189
SRR031744	SRX014472	ILLUMINA	S2_DRSC_CG13425_RNAi-1	SINGLE	SRS008460	Drosophila melanogaster	GSM461190
SRR031745	SRX014472	ILLUMINA	S2_DRSC_CG13425_RNAi-1	SINGLE	SRS008460	Drosophila melanogaster	GSM461190
SRR074420	SRX014472	ILLUMINA	S2_DRSC_CG13425_RNAi-1	SINGLE	SRS008460	Drosophila melanogaster	GSM461190
SRR031746	SRX014473	ILLUMINA	S2_DRSC_CG30122_RNAi-1	SINGLE	SRS008461	Drosophila melanogaster	GSM461191
SRR031747	SRX014473	ILLUMINA	S2_DRSC_CG30122_RNAi-1	SINGLE	SRS008461	Drosophila melanogaster	GSM461191
SRR031748	SRX014474	ILLUMINA	S2_DRSC_CG4602_RNAi-1	SINGLE	SRS008462	Drosophila melanogaster	GSM461192
SRR031749	SRX014474	ILLUMINA	S2_DRSC_CG4602_RNAi-1	SINGLE	SRS008462	Drosophila melanogaster	GSM461192
SRR031750	SRX014475	ILLUMINA	S2_DRSC_CG5655_RNAi-1	SINGLE	SRS008463	Drosophila melanogaster	GSM461193
SRR031751	SRX014475	ILLUMINA	S2_DRSC_CG5655_RNAi-1	SINGLE	SRS008463	Drosophila melanogaster	GSM461193
SRR074421	SRX014475	ILLUMINA	S2_DRSC_CG5655_RNAi-1	SINGLE	SRS008463	Drosophila melanogaster	GSM461193
SRR031752	SRX014476	ILLUMINA	S2_DRSC_CG1987_RNAi-1	SINGLE	SRS008464	Drosophila melanogaster	GSM461194
SRR031753	SRX014476	ILLUMINA	S2_DRSC_CG1987_RNAi-1	SINGLE	SRS008464	Drosophila melanogaster	GSM461194
SRR013547	SRX002618	ILLUMINA	S2R+ (biological replicate 1)	SINGLE	SRS002123	Drosophila melanogaster	S2R  (biological replicate 1)
SRR013548	SRX002619	ILLUMINA	S2R+ (biological replicate 2)	SINGLE	SRS002124	Drosophila melanogaster	S2R  (biological replicate 2)
SRR014367	SRX003183	ILLUMINA	Small RNA from 12-24hr embryo	SINGLE	SRS002320	Drosophila melanogaster	Small RNA from 12-24hr embryo
SRR013601	SRX002668	ILLUMINA	small RNA from 2-4 day old pupae (1)	SINGLE	SRS002173	Drosophila melanogaster	small RNA from 2-4 day old pupae (1)
SRR013603	SRX002670	ILLUMINA	small RNA from 2-4 day old pupae (2)	SINGLE	SRS002175	Drosophila melanogaster	small RNA from 2-4 day old pupae (2)
SRR013600	SRX002667	ILLUMINA	small RNA from 3rd instar larvae (1)	SINGLE	SRS002172	Drosophila melanogaster	small RNA from 3rd instar larvae (1)
SRR013602	SRX002669	ILLUMINA	small RNA from 3rd instar larvae (2)	SINGLE	SRS002174	Drosophila melanogaster	small RNA from 3rd instar larvae (2)
SRR013604	SRX002671	ILLUMINA	small RNAs from adult female head	SINGLE	SRS002176	Drosophila melanogaster	small RNAs from adult female head
SRR013618	SRX002678	ILLUMINA	Drosophila melanogaster S2-GMR	SINGLE	SRS002182	Drosophila melanogaster	Drosophila melanogaster S2-GMR
SRR014393	SRX003192	ILLUMINA	whole_fly_rp_rep1	SINGLE	SRS002239	Drosophila melanogaster	whole_fly_rp_rep1
